DATE,Y,G,T,GSHK_R,T90_MMO,TFPSHK_FRBNY_P,TBILL3
1947-01-01,,,,,0,,0.38
1947-04-01,,,,3.208,0,,0.38
1947-07-01,,,,0,0,,0.736666666666667
1947-10-01,,,,0,0,,0.906666666666667
1948-01-01,20.3522549390523,1.94560510143745,3.33204023277673,0.693,0,,0.99
1948-04-01,20.5906347593264,2.00921087526809,3.1648847997644,1.317,-2.06,,1
1948-07-01,20.6612348181661,2.03504282772051,3.02666369650069,0,0,,1.05
1948-10-01,20.7241121104311,2.1211912181504,3.0007095281152,0,0,,1.14
1949-01-01,20.3576537583737,2.23564052182867,2.90189100846635,0,0,,1.17
1949-04-01,20.1673356812452,2.31842620948728,2.76427740361945,0,0,,1.17
1949-07-01,20.3686144809707,2.27644830219717,2.73920172756184,0,0,,1.04333333333333
1949-10-01,20.143558151442,2.21832236848844,2.63518831692922,-0.733,0,,1.07666666666667
1950-01-01,20.900333988528,2.12129458216898,3.0368006649998,0,0,,1.10333333333333
1950-04-01,21.4654464108352,2.13619628537582,3.3188655091133,2.742,0,,1.15333333333333
1950-07-01,22.2685353916114,2.05200001661831,3.69938031164991,61.78,0,,1.22
1950-10-01,22.8082287925681,2.26727626009273,3.98555795406238,40.24,0,,1.33666666666667
1951-01-01,23.2363456656153,2.73856931059038,4.41213944484005,1.281,0,,1.36666666666667
1951-04-01,23.7015038256335,3.20979389210846,4.18788559313722,0,0,,1.49
1951-07-01,24.1178662994789,3.72680745606632,4.11801928847108,0,0,,1.60333333333333
1951-10-01,24.0834669951478,4.00940368560433,4.30689738234395,0,0,,1.61
1952-01-01,24.2705848855465,4.10805619658084,4.31042349690502,-0.14,0,,1.56666666666667
1952-04-01,24.2240484793757,4.30127841420494,4.29456815146827,-1.278,0,,1.64666666666667
1952-07-01,24.4108923617309,4.39489005805436,4.27539153683838,0.222,0,,1.78333333333333
1952-10-01,25.1066050482274,4.4899154511142,4.45035672467266,0,0,,1.89333333333333
1953-01-01,25.324222892803,4.54922251450611,4.51658820665456,-1.969,0,,1.98
1953-04-01,25.4498310261815,4.67803889171577,4.52210426199192,-1.134,0,,2.15333333333333
1953-07-01,25.2668239420102,4.52115970332494,4.42427770968226,-2.987,0,,1.95666666666667
1953-10-01,24.7729152643032,4.46040831831367,4.06891924289333,-0.256,0,,1.47333333333333
1954-01-01,24.5391367439945,4.24801562632867,3.86588528512969,0,0,,1.06
1954-04-01,24.4764131038705,4.03819610131197,3.85435357864628,0,0,,0.79
1954-07-01,24.7482306898074,3.88629504949917,3.89262452026383,-1.295,0,,0.883333333333333
1954-10-01,25.1863587646217,3.85640519488329,4.00763677115322,0,0,,1.02
1955-01-01,25.8511370962453,3.79850888826455,4.23029984920402,1.226,0,,1.22333333333333
1955-04-01,26.1333237962374,3.76964670655097,4.30905338988968,0,0,,1.48333333333333
1955-07-01,26.4066474599044,3.79956178002808,4.3642785550888,0,0,,1.85666666666667
1955-10-01,26.5808673808805,3.68519918389695,4.42102278332192,0,0,,2.33666666666667
1956-01-01,26.4069125453644,3.66345614115813,4.3841360377794,0.206,0,,2.32666666666667
1956-04-01,26.4606209256189,3.76737540084484,4.41405873736781,0.136,0,,2.56666666666667
1956-07-01,26.4008763124913,3.67459005413221,4.34163347160207,0.673,0,,2.58333333333333
1956-10-01,26.7032969640498,3.78079253432366,4.46504639789758,0.111,0,,3.03333333333333
1957-01-01,26.8647748024999,3.88275480862014,4.51749086717218,0,0,,3.09666666666667
1957-04-01,26.722790041418,3.82158544024516,4.44436232680364,0.511,0,,3.14
1957-07-01,26.8482885355501,3.82987056482091,4.38419393604499,0,0,,3.35333333333333
1957-10-01,26.334064902048,3.8816267490911,4.19215688901838,2.148,0,,3.31
1958-01-01,25.6239668507917,3.76548988802008,3.94636494814332,0.147,0,,1.75666666666667
1958-04-01,25.6932091517826,3.89208570837385,3.91385961443468,0,0,,0.956666666666667
1958-07-01,26.3079866502149,3.89366867054436,4.08320747926349,0,0,,1.68
1958-10-01,26.9186642537811,3.98176398789917,4.26194223873917,0,0,,2.69
1959-01-01,27.2642895985037,3.86818453249396,4.4452065345787,0.3,0,,2.77333333333333
1959-04-01,27.743874834091,3.90654139619111,4.60717110311669,0,0,,3
1959-07-01,27.6500818776682,3.92367828549768,4.46087987626381,0,0,,3.54
1959-10-01,27.6437929491246,3.85946257973022,4.43472122982551,0,0,,4.23
1960-01-01,28.131078072028,3.68099252324731,4.7852902802215,0,0,0.021504692,3.87333333333333
1960-04-01,27.8749391994739,3.66273919253852,4.68274251197962,0.534,0,0.190616562,2.99333333333333
1960-07-01,27.8960502648131,3.79378102941557,4.62207284446317,0,0,-0.137374978,2.36
1960-10-01,27.4029734227869,3.81977767259507,4.51981660860851,0,0,-0.001598608,2.30666666666667
1961-01-01,27.5130476030129,3.80134400826948,4.51314946001716,1.425,0,-0.002184061,2.35
1961-04-01,27.8979375064344,3.82686379476201,4.59524983229297,5.706,0,0.092653539,2.30333333333333
1961-07-01,28.3641209908992,3.90212761914607,4.65657226766215,0.63,0,-0.039034816,2.30333333333333
1961-10-01,28.8956439148572,3.97651041818307,4.797692169122,-0.176,0,0.21034812,2.46
1962-01-01,29.3693979290829,4.11863779039159,4.83062319473299,0.344,0,-0.018637425,2.72333333333333
1962-04-01,29.4948348211976,4.13143838851219,4.86831800596383,0,0,0.093802595,2.71666666666667
1962-07-01,29.7109885977168,4.24442694253098,4.9518314329528,0,0,0.00315887,2.84
1962-10-01,29.6334005699689,4.23956539266581,4.97519774390463,0,0,0.115840692,2.81333333333333
1963-01-01,29.794702280523,4.13109753350665,5.05124918830164,0,0,-0.059269949,2.90666666666667
1963-04-01,30.0265151578359,4.09062400848256,5.1299667052765,0,0,-0.00373743,2.94
1963-07-01,30.5627902968267,4.26380330180745,5.15545516024994,-1.127,0,0.130375572,3.29333333333333
1963-10-01,30.6827639944733,4.2089676254844,5.16149876034877,0,0,-0.112503237,3.49666666666667
1964-01-01,31.1797457786567,4.19422976210357,5.00421420006807,-0.703,0,0.169719256,3.53
1964-04-01,31.3759834496204,4.16528084398231,4.79400248080983,0,-2.11,0.109236202,3.47666666666667
1964-07-01,31.6967691096656,4.15905583115265,4.86902681554545,0,0,0.014736094,3.49666666666667
1964-10-01,31.6637224150065,4.08681344808631,4.89509433004116,0,0,-0.118259355,3.68333333333333
1965-01-01,32.3188547484508,4.0297262468464,5.15534810350741,0.315,0,0.151943207,3.89
1965-04-01,32.5910226109891,4.02143404170107,5.17742895490926,0.195,0,-0.041747535,3.87333333333333
1965-07-01,33.1829270921714,4.18495477140023,5.07065948492409,1.917,0,0.043565633,3.86666666666667
1965-10-01,33.8455425993039,4.32770443652196,5.17395261914479,0,0,0.051035938,4.16666666666667
1966-01-01,34.5853218791086,4.39868615579464,5.51574380603102,0,0,-0.050603013,4.61
1966-04-01,34.5793802474593,4.46739819346057,5.64868136961601,0.126,0,-0.042437816,4.58666666666667
1966-07-01,34.8004860155372,4.66639020632936,5.68119208013528,1.366,0,0.09597954,5.04333333333333
1966-10-01,34.9909581063156,4.66938022491575,5.71075279306243,2.66,0,0.075203684,5.21
1967-01-01,35.1851319350261,4.91391501437998,5.70164184874624,4.656,0,-0.045092742,4.51333333333333
1967-04-01,35.0420633846662,4.86626533928404,5.67524583673923,0.711,0,-0.068285718,3.66
1967-07-01,35.219170565355,4.92547346094308,5.73960130572706,0.448,0,-0.066093399,4.3
1967-10-01,35.3250755759432,4.93765522005469,5.81537152946376,-1.156,0,-0.05077788,4.75333333333333
1968-01-01,35.9142798411066,4.99182424886285,6.03047122469428,0.567,0,0.206949858,5.05
1968-04-01,36.3656777076598,4.95099454609261,6.11478964772916,-2.562,0,0.110092949,5.52
1968-07-01,36.507459445782,4.93395933822358,6.45062388187986,0,0,0.039673798,5.19666666666667
1968-10-01,36.4840397251492,4.88840904168579,6.51662238479162,0,0,-0.238867669,5.58666666666667
1969-01-01,36.9008146358024,4.81460341971206,6.77239354485732,0,0,0.096671238,6.09333333333333
1969-04-01,36.8458294441736,4.7399292981702,6.75567735101299,0,0,0.108357596,6.19666666666667
1969-07-01,36.9262082214102,4.78248172498652,6.53916541707303,0,0,-0.057273755,7.02333333333333
1969-10-01,36.5801127926629,4.65135814336915,6.4555213020093,0,0,0.08247016,7.35333333333333
1970-01-01,36.3495367805264,4.6197660900669,6.13433012258883,-0.482,0,-0.023592399,7.21
1970-04-01,36.191076801476,4.46878763578278,6.06236137540183,-0.285,0,-0.140186932,6.67666666666667
1970-07-01,36.3184296328617,4.42736403958281,5.8552223816537,0,0,0.046237357,6.32666666666667
1970-10-01,35.7223018439165,4.38078935895908,5.72291883297726,0,0,-0.174989713,5.35333333333333
1971-01-01,36.4913022486589,4.28496352162283,5.76686013337686,0,0,-0.032799536,3.84
1971-04-01,36.4712214230916,4.235998475414,5.73421089225812,0,0,-0.045337972,4.25
1971-07-01,36.5720028034366,4.21088866446973,5.66420422123362,0,0,0.035489878,5.01
1971-10-01,36.4535943375707,4.12526183085841,5.6718521980325,0,0,0.030548698,4.23
1972-01-01,36.6759300302365,4.21418536183605,6.10073368859858,0,0,-0.192401053,3.43666666666667
1972-04-01,37.3176651044636,4.24921613081463,6.12335029114619,0,0,0.175712223,3.77
1972-07-01,37.4898702405468,4.03191847930257,6.11178420781888,0,0,-0.051698107,4.22
1972-10-01,37.9877894512548,4.0649135826386,6.2145725236683,0,0,-0.037769412,4.86333333333333
1973-01-01,38.6835421814201,4.11126720534294,6.53478059209906,0,0,0.044460955,5.7
1973-04-01,38.8578423530089,4.02622102320943,6.48867429064673,0,0,-0.096352311,6.60333333333333
1973-07-01,38.4683499073255,3.86883530243851,6.41765190251937,-0.354,0,0.114739209,8.32333333333333
1973-10-01,38.7374708481246,3.87295989784135,6.49691646819457,0.349,0,-0.06705541,7.5
1974-01-01,38.1554946122968,3.90715130585952,6.49912528937995,0,0,-0.105478339,7.61666666666667
1974-04-01,38.1052530460917,3.85759342320084,6.54221944657754,0,0,0.138910202,8.15333333333333
1974-07-01,37.5007642763935,3.85584781405995,6.5674415386607,0,0,0.014540722,8.19
1974-10-01,37.1372560391475,3.88621407823547,6.27505176431929,0,0,-0.273972096,7.36
1975-01-01,36.5098301596046,3.80889633371037,5.98444032502893,0,0,-0.015875936,5.75
1975-04-01,36.6120644659061,3.75451523731733,5.14195711368134,0,0,-0.026150698,5.39333333333333
1975-07-01,37.0261823565095,3.81349322317307,5.97468926901449,0,0,0.07287776,6.33
1975-10-01,37.3416056908675,3.83208213696722,6.01306251248672,0,0,-0.057312447,5.62666666666667
1976-01-01,37.9857010074114,3.78918061134079,6.17828402542955,0.227,0,0.101116656,4.91666666666667
1976-04-01,38.0962099717008,3.75347315220828,6.22973708385692,0,0,-0.094458211,5.15666666666667
1976-07-01,38.1288106503497,3.73689022010478,6.26722367363164,0,0,0.030569296,5.15
1976-10-01,38.2698319872427,3.76307813884793,6.25399053464686,0,0,-0.116420202,4.67333333333333
1977-01-01,38.549027038996,3.76456856631451,6.40674516563823,0,0,-0.060259853,4.63
1977-04-01,39.0505170085086,3.77797939247646,6.53406189548468,0,0,-0.024419732,4.84
1977-07-01,39.4993940483136,3.76442183542814,6.53879513464412,-0.243,0,0.055109581,5.49666666666667
1977-10-01,39.5141396958036,3.76646815101616,6.60364289976997,0,0,-0.01426739,6.11
1978-01-01,39.3998309016541,3.73464894328372,6.58035127506744,0,0,-0.048995345,6.39333333333333
1978-04-01,40.7109665417903,3.78893452546255,6.90389267911472,0,0,0.089696661,6.47666666666667
1978-07-01,40.9068613065148,3.79333384667735,7.03841908246617,0,0,-0.153163701,7.31333333333333
1978-10-01,41.2910872006841,3.7975330713052,7.18163848603283,0,0,0.062997428,8.57
1979-01-01,41.1627179647789,3.7747968623602,7.16836693758518,0.444,-1.34,0.001765584,9.38333333333333
1979-04-01,41.0467346170034,3.76377900007719,7.16163504181354,0,0,-0.093566893,9.37666666666667
1979-07-01,41.2037058945067,3.76418620726169,7.16848099626652,0,0,0.114114638,9.67333333333333
1979-10-01,41.1067138067382,3.76221731782365,7.14262918782966,0,0,0.170688096,11.8433333333333
1980-01-01,41.0260623407044,3.83966767408342,7.08963533387828,6.208,0,-0.079524283,13.3533333333333
1980-04-01,40.0270891560506,3.95634880662329,6.83811607481111,0,0,-0.3390817,9.61666666666667
1980-07-01,39.8157821502438,3.84846401249162,6.96514837755184,0,0,-0.159561799,9.15333333333333
1980-10-01,40.4007410579361,3.8674074873922,7.11911504239691,0,0,0.483929149,13.6133333333333
1981-01-01,41.0423454021657,3.90429071555075,7.40133711016586,2.495,0,-0.059863537,14.39
1981-04-01,40.6451415247711,4.00860700128889,7.33090552592235,0,0,-0.020494375,14.9066666666667
1981-07-01,40.9685763976914,3.98804703080024,7.36042202470945,0,-0.17,-0.104255156,15.0533333333333
1981-10-01,40.4150596320306,4.05653472836737,7.063519627227,0,0,-0.340231616,11.75
1982-01-01,39.6479332547296,4.05524626546405,6.8003174161977,0,0,0.341328043,12.8133333333333
1982-04-01,39.6963637999709,4.08519902371249,6.75743623869852,0,0,0.125948371,12.42
1982-07-01,39.4411622421037,4.11834017410791,6.54482168209582,0,0,-0.197242954,9.31666666666667
1982-10-01,39.3472070632576,4.21040324802565,6.51045599735909,0,0,0.048242569,7.90666666666667
1983-01-01,39.7423561200561,4.23923042047584,6.50129750314271,0,0,-0.096982716,8.10666666666667
1983-04-01,40.5408520437509,4.30806025266527,6.73226454945825,0,0,0.098214443,8.39666666666667
1983-07-01,41.2356197342892,4.40836181914878,6.57006865440074,0,0,-0.085999254,9.14
1983-10-01,41.9790510224886,4.25023095444702,6.66961020935999,0,0,-0.021135266,8.8
1984-01-01,42.6343074562312,4.28077639922856,6.89353365614813,0,0,-0.098790793,9.17
1984-04-01,43.2419820894971,4.40335726435098,6.94097657442148,0,0,0.04298412,9.79666666666667
1984-07-01,43.5375507848213,4.41312979578288,6.93522281433899,0,0,0.044871332,10.32
1984-10-01,43.7823074221592,4.56439472595185,7.01914203983949,0,0,-0.140691391,8.80333333333333
1985-01-01,44.0945105731538,4.53224273017996,7.4144072078588,0,0,0.21011223,8.18333333333333
1985-04-01,44.3993462641869,4.62404889146914,6.90764468875403,0,0,-0.062994595,7.46
1985-07-01,44.9322912938498,4.7433537198372,7.2927399018011,0,0,0.090992377,7.10666666666667
1985-10-01,45.1507228091547,4.73848408410921,7.32006385634795,0,0,-0.138135228,7.16666666666667
1986-01-01,45.3493511728424,4.66782735735018,7.29146825130907,0,0,0.222846053,6.89666666666667
1986-04-01,45.440512850129,4.77668735612427,7.30299312191038,0,0,-0.077429237,6.14
1986-07-01,45.7164078027922,4.91225416219858,7.39765038039843,0,0,0.136346227,5.52333333333333
1986-10-01,45.8045200628403,4.8168700461137,7.59114330052096,-1.94,0,-0.090134931,5.35333333333333
1987-01-01,46.0108240070813,4.79478346827426,7.54050584453861,0,-0.89,-0.023328374,5.53666666666667
1987-04-01,46.3794957927545,4.83654514821034,8.12620644315229,0,0,0.040169816,5.65666666666667
1987-07-01,46.6501254511896,4.81438157473379,7.97940052705829,0,0,-0.008320144,6.04333333333333
1987-10-01,47.3559827796955,4.8575815403214,8.06507941549566,0,0,-0.04270878,5.86333333333333
1988-01-01,47.4765819061541,4.73324696025008,8.11239974266666,-4.832,0,0.18167702,5.72333333333333
1988-04-01,47.9775076178779,4.68589568622395,8.11457729999484,0,0,-0.087408975,6.21
1988-07-01,48.1272077350444,4.62250041734715,8.13629310747485,0,0,0.07474114,7.01
1988-10-01,48.632740540522,4.73402508159985,8.20618388859517,-1.113,0,0.030739241,7.72666666666667
1989-01-01,49.0297228655604,4.62514341767003,8.43272445779846,0,0,0.023405736,8.54
1989-04-01,49.2877751221631,4.69210837376779,8.32425515158992,0,0,0.027468132,8.41
1989-07-01,49.5343662896893,4.70869577364852,8.34675902100201,0,0,-0.05890897,7.84333333333333
1989-10-01,49.5362228581821,4.66125927785789,8.39681728640746,-8.913,0,-0.031088975,7.65333333333333
1990-01-01,49.6733644270407,4.68338956242486,8.27734337328691,0,0,0.131021324,7.76
1990-04-01,49.7490457868344,4.70696089248253,8.31460142756136,0,0,-0.076039989,7.74666666666667
1990-07-01,49.6641036044217,4.64184453232795,8.33748596361574,0,0,0.032450061,7.47666666666667
1990-10-01,49.0689712220658,4.65545204676519,8.26573590539404,1.864,0,-0.037102349,6.99
1991-01-01,48.7397555608816,4.69533634065095,8.10740996281301,0,0.22,-0.18288748,6.02333333333333
1991-04-01,49.0273313895562,4.69396148021245,8.08520061303556,0,0,0.034660459,5.56
1991-07-01,49.1612350301852,4.64448864760914,8.07933476325526,0,0,-0.016830756,5.37666666666667
1991-10-01,49.2023308642938,4.53498696480856,8.1172653760472,-1.806,0,-0.016673918,4.54
1992-01-01,49.6675601500633,4.52956658783953,8.19271599275611,0,0,0.238032547,3.89333333333333
1992-04-01,50.0959512276942,4.49723960996594,8.24971342465089,0,0,-0.144143845,3.68
1992-07-01,50.4598778259177,4.56602494504923,8.25680545852474,0,0,0.095121881,3.08333333333333
1992-10-01,50.822564852774,4.55218279366243,8.37330815672499,0,0,-0.011997343,3.07
1993-01-01,50.7616641251619,4.37729306662181,8.31708312124281,0,0,-0.05209611,2.96
1993-04-01,50.9413859668585,4.31463192102796,8.53649214824502,0,0,0.033699588,2.96666666666667
1993-07-01,51.0971201273154,4.2966396038531,8.54056425835877,0,0.17,0.06103839,3.00333333333333
1993-10-01,51.6234415994986,4.30508162475537,8.84275100697744,0,0,-0.06818075,3.06
1994-01-01,51.9844609201072,4.14227543905741,8.72800082370703,0,0,0.005736259,3.24333333333333
1994-04-01,52.5745218618964,4.13086047112059,8.99953005694607,0,0,0.016771364,3.98666666666667
1994-07-01,52.7615266152002,4.22100849256113,8.98466667026994,0,0,0.042666917,4.47666666666667
1994-10-01,53.2093075731664,4.10954881770408,9.08482926372963,0,0,0.053677583,5.28
1995-01-01,53.3074406341386,4.1038430893782,9.17358811811446,0,0,-0.027629362,5.73666666666667
1995-04-01,53.3495067738416,4.08865102698878,9.30396819755916,0,0,0.074849531,5.59666666666667
1995-07-01,53.6884547947523,4.04806938118728,9.30294280541106,0,0,-0.012107551,5.36666666666667
1995-10-01,53.9108301870624,3.93479838987218,9.35737089331315,0,0,0.012270042,5.26
1996-01-01,54.2104645331599,3.99456406384014,9.56959207429105,0,0,-0.045323272,4.93
1996-04-01,54.9785921122796,3.98404522315481,9.87832412056234,0,0,0.030880243,5.02
1996-07-01,55.2274113969743,3.9243424631886,9.87062461362408,0,0,-0.02172368,5.09666666666667
1996-10-01,55.6947469059594,3.8899609542662,10.0037200064991,0,0,0.034989163,4.97666666666667
1997-01-01,55.8766834816308,3.81322100074936,10.182843534505,0,0,-0.001000605,5.06
1997-04-01,56.515057525456,3.8955770506348,10.3353533501089,0,0,0.037381375,5.04666666666667
1997-07-01,57.1502667464357,3.8659620807835,10.5192432385824,0,0,0.0503333,5.04666666666667
1997-10-01,57.4633346684007,3.86239824622933,10.6124177203338,0,0,0.113495026,5.09
1998-01-01,57.9332262816522,3.73872351867833,10.7156703436429,0,0,-0.016236733,5.05333333333333
1998-04-01,58.3105819545468,3.81664299424891,10.8381999659543,0,0,0.070504891,4.97666666666667
1998-07-01,58.899803481052,3.80090387441726,11.0049275956199,0,0,0.022850692,4.82333333333333
1998-10-01,59.6772643463099,3.81538954966401,11.1264002215715,0,0,0.051743153,4.25333333333333
1999-01-01,60.0435566577045,3.79654266147454,11.2422575668802,0.161,0,-0.015004248,4.40666666666667
1999-04-01,60.3380824683479,3.79527818175495,11.2914593034288,0,0,-0.043573671,4.45333333333333
1999-07-01,60.93976441631,3.86401867574769,11.4089838301342,0,0,0.010311692,4.65
1999-10-01,61.7744551108599,3.95785306123295,11.5896520194452,0,0,0.082198002,5.04333333333333
2000-01-01,61.1403603971412,3.78620095878799,11.8390604084285,0,0,0.156538895,5.52
2000-04-01,62.0740932365901,3.88398456076013,11.8161083634978,0,0,-0.012891449,5.71333333333333
2000-07-01,61.9148563926844,3.80194733678402,11.8228801099519,0,0,0.047189103,6.01666666666667
2000-10-01,62.0953922353423,3.79747207418721,11.8369025339715,0,0,0.010031466,6.01666666666667
2001-01-01,61.7206060543115,3.8511271929172,11.7579340257044,0,0,-0.03159795,4.81666666666667
2001-04-01,61.8828229533868,3.88964399014494,11.5988693347673,0,0,-0.190922374,3.66
2001-07-01,61.4933652791592,3.91310865675268,10.4436599514964,0.916,0,-0.108481105,3.17
2001-10-01,61.460316922131,3.96014180327487,11.0162162726709,0,0,0.025663889,1.90666666666667
2002-01-01,61.8460547516438,4.09496759796668,10.1072288485948,2.779,0,-0.1433989,1.72
2002-04-01,62.0414451801114,4.18719209353349,10.0656724469482,0,0,0.112367163,1.71333333333333
2002-07-01,62.1230056848018,4.23278017612033,9.98583201357303,0.854,0,0.076592163,1.64333333333333
2002-10-01,62.0068060627618,4.34553275895031,9.96804224969742,0,0,-0.051616635,1.33333333333333
2003-01-01,61.8586226128718,4.38830242661364,9.89928396527123,1.118,0,-0.058122137,1.15666666666667
2003-04-01,62.2248492677529,4.54332486167562,9.95791202128031,0,0,-0.046630585,1.04
2003-07-01,63.0471112663643,4.54210430099003,9.48701852378873,0.362,-1.54,-0.018817113,0.93
2003-10-01,63.5785006361129,4.6181661791288,9.94436836116228,0.676,0,-0.068117143,0.916666666666667
2004-01-01,63.9137760194955,4.67316620542766,9.9649185316472,0,0,0.012203842,0.916666666666667
2004-04-01,64.2279320535983,4.69057762817953,10.1197913219315,0.21,0,-0.096857969,1.07666666666667
2004-07-01,64.6329302950426,4.74033299401688,10.325259390181,0,0,0.087729372,1.48666666666667
2004-10-01,65.0804858647656,4.7254941202017,10.3523440339995,0,0,0.033798571,2.00666666666667
2005-01-01,65.6415293506366,4.79073704298663,11.02928643981,0.799,0,-0.12839052,2.53666666666667
2005-04-01,65.7723101434488,4.78072933038309,11.0379726379238,0,0,0.076139116,2.86333333333333
2005-07-01,66.0468657748891,4.80629574263113,11.1217201045765,0,0,0.03004027,3.36
2005-10-01,66.2041440709213,4.78835004286538,11.289415930678,0,0,-0.042303277,3.82666666666667
2006-01-01,66.9336619778543,4.90760885626496,11.620564145664,0,0,0.066139514,4.39333333333333
2006-04-01,66.9026214002032,4.85082191023912,11.6299087675488,1.674,0,0.010820549,4.70333333333333
2006-07-01,66.7658707217565,4.79147724736748,11.7124999380094,0,0,0.001681848,4.90666666666667
2006-10-01,67.1113916929047,4.8523301025291,11.7615586811869,0,0,0.039746923,4.90333333333333
2007-01-01,67.0046777465489,4.79591294182583,11.8259907332098,0,0,0.082109087,4.98333333333333
2007-04-01,67.268093797311,4.86921961267431,11.7982242125806,0,0,-0.088334947,4.73666666666667
2007-07-01,67.5260234740007,4.90909521729952,11.6579420234019,0,0,0.034788322,4.30333333333333
2007-10-01,67.6853671488759,4.99207813515878,11.6460357785023,5.086,0,0.064047039,3.39
2008-01-01,67.392587458763,5.09207786925356,11.3939366577682,0,0,-0.064419861,2.04333333333333
2008-04-01,67.7004692004524,5.22177616830951,11.2204885081816,0,0,-0.055763078,1.62666666666667
2008-07-01,67.1289532472381,5.27245460030324,11.044580380895,0,0,-0.077474083,1.49333333333333
2008-10-01,65.5002673886932,5.2899888737271,10.4369444832807,-1.642,0,0.05150572,0.296666666666667
2009-01-01,64.6634401230489,5.31076434829688,9.2691926517777,0,0,0.058557794,0.213333333333333
2009-04-01,64.3799026209609,5.43244039652714,9.040637314204,0,0,-0.018483341,0.173333333333333
2009-07-01,64.4699515203098,5.48058616589475,8.91002402888156,0,0,-0.193168605,0.156666666666667
2009-10-01,64.9554078547025,5.56930376672745,8.96754555720396,0,0,-0.025715966,0.056666666666667
2010-01-01,65.2221090594002,5.64728771666941,9.28507044091633,0,0,-0.082164094,0.106666666666667
2010-04-01,65.7263037778382,5.7261851684528,9.47227121306625,0,0,-0.09570594,0.146666666666667
2010-07-01,66.0275654400319,5.68762572009785,9.53243105430798,0,0,0.113631903,0.156666666666667
2010-10-01,66.210302071715,5.67801075083802,9.57507487421386,-0.649,0,0.032263896,0.136666666666667
2011-01-01,66.028712894668,5.61730519955421,9.7498525469751,0,0,0.035569754,0.126666666666667
2011-04-01,66.3064707045858,5.5947616322616,9.79370972406027,0,0,-0.163701371,0.046666666666667
2011-07-01,66.1862330684361,5.45090962603409,9.78177512312131,-2.51,0,-0.079579176,0.023333333333333
2011-10-01,66.7678237987269,5.44390637728206,9.89318404430742,-0.312,0,-0.019542169,0.013333333333333
2012-01-01,66.7632839344546,5.38508739342369,9.79295655142322,0,0,0.115435854,0.066666666666667
2012-04-01,66.9120046284144,5.32006399443298,9.9027669540951,0,0,-0.102030826,0.086666666666667
2012-07-01,66.7998517071208,5.29585147453494,9.9302331714498,0,0,0.003635959,0.103333333333333
2012-10-01,66.7627740687571,5.16158812698151,10.1991680319284,0,0,0.022683043,0.086666666666667
2013-01-01,67.1664256847228,5.01049070977375,10.9903629353441,-2.974,,-0.081186741,0.086666666666667
2013-04-01,67.1024757456471,4.95404933931401,11.0319916141509,0,,-0.020800926,0.05
2013-07-01,67.4249155748832,4.86017894080117,11.0185320104989,0,,-0.071969783,0.033333333333333
2013-10-01,67.7594747635308,4.81032907966932,11.0653783869167,0,,-0.05067552,0.063333333333333
2014-01-01,67.3879112146741,4.763138233112,11.3548058489965,0,,4.36E-05,0.046666666666667
2014-04-01,68.101772150635,4.7188089071145,11.4394067497843,0,,0.005871186,0.033333333333333
2014-07-01,68.7097852837563,4.76041182251914,11.4249109248989,0,,0.014564028,0.026666666666667
2014-10-01,68.9138920493837,4.68201426504397,11.5820888785868,0,,0.084785986,0.023333333333333
2015-01-01,69.1636298070304,4.67464684849616,11.9395708734041,0,,0.045140633,0.026666666666667
2015-04-01,69.391165323912,4.65539480118761,11.9745023085438,0,,0.013432634,0.02
2015-07-01,69.476075278015,4.63452139233692,11.8659990480018,0,,0.028370398,0.04
2015-10-01,69.3984449298652,4.65366806597625,11.5306333377996,0,,0.014039198,0.123333333333333
2016-01-01,69.5585901531621,4.6408131685933,11.7419028701503,,,0.058326413,0.286666666666667
2016-04-01,69.6288321290025,4.58590461990002,11.6997059208789,,,-0.086666516,0.256666666666667
2016-07-01,69.8448575579444,4.60573183896519,11.8013275873784,,,-0.0103805,0.296666666666667
2016-10-01,69.9919213758312,4.59331209029074,11.8194392323347,,,-0.030783789,0.43
2017-01-01,70.4025874346996,4.56696625165706,11.5392626562995,,,-0.018430119,0.59
2017-04-01,70.6441712724265,4.59776274742423,11.6527108817313,,,0.006499248,0.89
2017-07-01,70.9581565298939,4.58320027119466,11.8002985847287,,,0.023377044,1.03666666666667
2017-10-01,71.4956761024103,4.63033657481636,11.8561355552415,,,0.019320845,1.20666666666667
2018-01-01,71.7207389542333,4.64924224082159,11.4376058924914,,,-0.040863538,1.56
2018-04-01,72.2576393143675,4.69564466389866,11.5358347093271,,,0.029682856,1.84
2018-07-01,72.3503111609877,4.73064171799654,11.6325877483693,,,0.050158047,2.04
2018-10-01,72.3551225611461,4.75465693219622,11.7275975438795,,,-0.008469796,2.31666666666667
2019-01-01,72.8945641887059,4.81414561413107,11.9926719004655,,,0.017629635,2.38666666666667
2019-04-01,73.3368051177599,4.84645108670442,11.9220147600933,,,0.011412693,2.3
2019-07-01,73.6667141899472,4.87834306802622,11.8887560226752,,,-0.043483029,1.98
2019-10-01,73.8713414808501,4.909092766044,12.0175217446064,,,-0.01073438,1.57666666666667
